{"cameraMode":{"drawMode":31,"name":"Sprite Mask","section":"Miscellaneous"},"sceneLighting":false,"audioPlay":false,"sceneViewState":{"showFog":true,"showMaterialUpdate":false,"showSkybox":false,"showFlares":true,"showImageEffects":true,"showParticleSystems":true},"in2DMode":false,"pivot":{"x":-12.260000228881836,"y":3.109999895095825,"z":4.760000228881836},"rotation":{"x":-0.24173973500728608,"y":-0.07005700469017029,"z":0.01753760688006878,"w":-0.9676645398139954},"size":4.286825656890869,"orthographic":false}