{"cameraMode":{"drawMode":31,"name":"Sprite Mask","section":"Miscellaneous"},"sceneLighting":true,"audioPlay":false,"sceneViewState":{"showFog":true,"showMaterialUpdate":false,"showSkybox":true,"showFlares":true,"showImageEffects":true,"showParticleSystems":true},"in2DMode":false,"pivot":{"x":-6.415116310119629,"y":7.250181198120117,"z":7.767704010009766},"rotation":{"x":-0.2771952450275421,"y":-0.2504928708076477,"z":0.07518944144248963,"w":-0.9245545268058777},"size":32.04782485961914,"orthographic":false}