{"cameraMode":{"drawMode":31,"name":"Sprite Mask","section":"Miscellaneous"},"sceneLighting":true,"audioPlay":false,"sceneViewState":{"showFog":true,"showMaterialUpdate":false,"showSkybox":true,"showFlares":true,"showImageEffects":true,"showParticleSystems":true},"in2DMode":false,"pivot":{"x":-26.188526153564454,"y":10.571354866027832,"z":-5.302186965942383},"rotation":{"x":0.026476237922906877,"y":0.9186251163482666,"z":-0.3892707824707031,"w":0.06268133968114853},"size":7.4259724617004398,"orthographic":false}